"PÉRIODE DE RÉFÉRENCE";"GÉO";"DGUID";"Produits et groupes de produits";"UNITÉ DE MESURE";"IDENTIFICATEUR D'UNITÉ DE MESURE";"FACTEUR SCALAIRE";"IDENTIFICATEUR SCALAIRE";"VECTEUR";"COORDONNÉES";"VALEUR";"STATUS";"SYMBOLE";"TERMINÉ";"DÉCIMALES"
"2026-04";"Canada";"2016A000011124";"Ensemble";"2002=100";"17";"unités";"0";"v41690973";"2.2";"168.0";"";"";"";"1"
"2026-05";"Canada";"2016A000011124";"Ensemble";"2002=100";"17";"unités";"0";"v41690973";"2.2";"169.6";"";"";"";"1"
"2026-06";"Canada";"2016A000011124";"Ensemble";"2002=100";"17";"unités";"0";"v41690973";"2.2";"169.0";"";"";"";"1"
"2026-07";"Canada";"2016A000011124";"Ensemble";"2002=100";"17";"unités";"0";"v41690973";"2.2";"169.9";"";"";"";"1"
"2026-08";"Canada";"2016A000011124";"Ensemble";"2002=100";"17";"unités";"0";"v41690973";"2.2";"169.8";"";"";"";"1"
"2026-04";"Canada";"2016A000011124";"Aliments";"2002=100";"17";"unités";"0";"v41690974";"2.3";"201.3";"";"";"";"1"
"2026-05";"Canada";"2016A000011124";"Aliments";"2002=100";"17";"unités";"0";"v41690974";"2.3";"202.8";"";"";"";"1"
"2026-06";"Canada";"2016A000011124";"Aliments";"2002=100";"17";"unités";"0";"v41690974";"2.3";"202.4";"";"";"";"1"
"2026-07";"Canada";"2016A000011124";"Aliments";"2002=100";"17";"unités";"0";"v41690974";"2.3";"202.8";"";"";"";"1"
"2026-08";"Canada";"2016A000011124";"Aliments";"2002=100";"17";"unités";"0";"v41690974";"2.3";"202.4";"";"";"";"1"
"2026-04";"Canada";"2016A000011124";"Logement";"2002=100";"17";"unités";"0";"v41691050";"2.79";"190.2";"";"";"";"1"
"2026-05";"Canada";"2016A000011124";"Logement";"2002=100";"17";"unités";"0";"v41691050";"2.79";"190.1";"";"";"";"1"
"2026-06";"Canada";"2016A000011124";"Logement";"2002=100";"17";"unités";"0";"v41691050";"2.79";"190.2";"";"";"";"1"
"2026-07";"Canada";"2016A000011124";"Logement";"2002=100";"17";"unités";"0";"v41691050";"2.79";"190.3";"";"";"";"1"
"2026-08";"Canada";"2016A000011124";"Logement";"2002=100";"17";"unités";"0";"v41691050";"2.79";"190.9";"";"";"";"1"
"2026-04";"Canada";"2016A000011124";"Dépenses courantes, ameublement et équipement du ménage";"2002=100";"17";"unités";"0";"v41691067";"2.96";"132.9";"";"";"";"1"
"2026-05";"Canada";"2016A000011124";"Dépenses courantes, ameublement et équipement du ménage";"2002=100";"17";"unités";"0";"v41691067";"2.96";"132.9";"";"";"";"1"
"2026-06";"Canada";"2016A000011124";"Dépenses courantes, ameublement et équipement du ménage";"2002=100";"17";"unités";"0";"v41691067";"2.96";"132.6";"";"";"";"1"
"2026-07";"Canada";"2016A000011124";"Dépenses courantes, ameublement et équipement du ménage";"2002=100";"17";"unités";"0";"v41691067";"2.96";"134.0";"";"";"";"1"
"2026-08";"Canada";"2016A000011124";"Dépenses courantes, ameublement et équipement du ménage";"2002=100";"17";"unités";"0";"v41691067";"2.96";"134.4";"";"";"";"1"
"2026-04";"Canada";"2016A000011124";"Vêtements et chaussures";"2002=100";"17";"unités";"0";"v41691108";"2.139";"96.1";"";"";"";"1"
"2026-05";"Canada";"2016A000011124";"Vêtements et chaussures";"2002=100";"17";"unités";"0";"v41691108";"2.139";"97.3";"";"";"";"1"
"2026-06";"Canada";"2016A000011124";"Vêtements et chaussures";"2002=100";"17";"unités";"0";"v41691108";"2.139";"96.5";"";"";"";"1"
"2026-07";"Canada";"2016A000011124";"Vêtements et chaussures";"2002=100";"17";"unités";"0";"v41691108";"2.139";"95.5";"";"";"";"1"
"2026-08";"Canada";"2016A000011124";"Vêtements et chaussures";"2002=100";"17";"unités";"0";"v41691108";"2.139";"94.7";"";"";"";"1"
"2026-04";"Canada";"2016A000011124";"Transports";"2002=100";"17";"unités";"0";"v41691128";"2.176";"183.5";"";"";"";"1"
"2026-05";"Canada";"2016A000011124";"Transports";"2002=100";"17";"unités";"0";"v41691128";"2.176";"187.1";"";"";"";"1"
"2026-06";"Canada";"2016A000011124";"Transports";"2002=100";"17";"unités";"0";"v41691128";"2.176";"184.2";"";"";"";"1"
"2026-07";"Canada";"2016A000011124";"Transports";"2002=100";"17";"unités";"0";"v41691128";"2.176";"186.8";"";"";"";"1"
"2026-08";"Canada";"2016A000011124";"Transports";"2002=100";"17";"unités";"0";"v41691128";"2.176";"185.7";"";"";"";"1"
"2026-04";"Canada";"2016A000011124";"Essence";"2002=100";"17";"unités";"0";"v41691136";"2.184";"259.3";"";"";"";"1"
"2026-05";"Canada";"2016A000011124";"Essence";"2002=100";"17";"unités";"0";"v41691136";"2.184";"273.7";"";"";"";"1"
"2026-06";"Canada";"2016A000011124";"Essence";"2002=100";"17";"unités";"0";"v41691136";"2.184";"245.8";"";"";"";"1"
"2026-07";"Canada";"2016A000011124";"Essence";"2002=100";"17";"unités";"0";"v41691136";"2.184";"254.6";"";"";"";"1"
"2026-08";"Canada";"2016A000011124";"Essence";"2002=100";"17";"unités";"0";"v41691136";"2.184";"252.2";"";"";"";"1"
"2026-04";"Canada";"2016A000011124";"Soins de santé et soins personnels";"2002=100";"17";"unités";"0";"v41691153";"2.201";"157.9";"";"";"";"1"
"2026-05";"Canada";"2016A000011124";"Soins de santé et soins personnels";"2002=100";"17";"unités";"0";"v41691153";"2.201";"158.5";"";"";"";"1"
"2026-06";"Canada";"2016A000011124";"Soins de santé et soins personnels";"2002=100";"17";"unités";"0";"v41691153";"2.201";"158.6";"";"";"";"1"
"2026-07";"Canada";"2016A000011124";"Soins de santé et soins personnels";"2002=100";"17";"unités";"0";"v41691153";"2.201";"158.6";"";"";"";"1"
"2026-08";"Canada";"2016A000011124";"Soins de santé et soins personnels";"2002=100";"17";"unités";"0";"v41691153";"2.201";"158.8";"";"";"";"1"
"2026-04";"Canada";"2016A000011124";"Loisirs, formation et lecture";"2002=100";"17";"unités";"0";"v41691170";"2.219";"129.7";"";"";"";"1"
"2026-05";"Canada";"2016A000011124";"Loisirs, formation et lecture";"2002=100";"17";"unités";"0";"v41691170";"2.219";"134.3";"";"";"";"1"
"2026-06";"Canada";"2016A000011124";"Loisirs, formation et lecture";"2002=100";"17";"unités";"0";"v41691170";"2.219";"134.5";"";"";"";"1"
"2026-07";"Canada";"2016A000011124";"Loisirs, formation et lecture";"2002=100";"17";"unités";"0";"v41691170";"2.219";"136.0";"";"";"";"1"
"2026-08";"Canada";"2016A000011124";"Loisirs, formation et lecture";"2002=100";"17";"unités";"0";"v41691170";"2.219";"135.9";"";"";"";"1"
"2026-04";"Canada";"2016A000011124";"Boissons alcoolisées, produits du tabac et cannabis récréatif";"2002=100";"17";"unités";"0";"v41691206";"2.256";"202.1";"";"";"";"1"
"2026-05";"Canada";"2016A000011124";"Boissons alcoolisées, produits du tabac et cannabis récréatif";"2002=100";"17";"unités";"0";"v41691206";"2.256";"203.0";"";"";"";"1"
"2026-06";"Canada";"2016A000011124";"Boissons alcoolisées, produits du tabac et cannabis récréatif";"2002=100";"17";"unités";"0";"v41691206";"2.256";"203.6";"";"";"";"1"
"2026-07";"Canada";"2016A000011124";"Boissons alcoolisées, produits du tabac et cannabis récréatif";"2002=100";"17";"unités";"0";"v41691206";"2.256";"204.1";"";"";"";"1"
"2026-08";"Canada";"2016A000011124";"Boissons alcoolisées, produits du tabac et cannabis récréatif";"2002=100";"17";"unités";"0";"v41691206";"2.256";"203.9";"";"";"";"1"
"2026-04";"Canada";"2016A000011124";"Ensemble excluant les aliments et l'énergie";"2002=100";"17";"unités";"0";"v41691233";"2.285";"156.7";"";"";"";"1"
"2026-05";"Canada";"2016A000011124";"Ensemble excluant les aliments et l'énergie";"2002=100";"17";"unités";"0";"v41691233";"2.285";"157.8";"";"";"";"1"
"2026-06";"Canada";"2016A000011124";"Ensemble excluant les aliments et l'énergie";"2002=100";"17";"unités";"0";"v41691233";"2.285";"158.2";"";"";"";"1"
"2026-07";"Canada";"2016A000011124";"Ensemble excluant les aliments et l'énergie";"2002=100";"17";"unités";"0";"v41691233";"2.285";"158.8";"";"";"";"1"
"2026-08";"Canada";"2016A000011124";"Ensemble excluant les aliments et l'énergie";"2002=100";"17";"unités";"0";"v41691233";"2.285";"158.8";"";"";"";"1"
"2026-04";"Canada";"2016A000011124";"Ensemble excluant l'énergie";"2002=100";"17";"unités";"0";"v41691238";"2.287";"164.0";"";"";"";"1"
"2026-05";"Canada";"2016A000011124";"Ensemble excluant l'énergie";"2002=100";"17";"unités";"0";"v41691238";"2.287";"165.3";"";"";"";"1"
"2026-06";"Canada";"2016A000011124";"Ensemble excluant l'énergie";"2002=100";"17";"unités";"0";"v41691238";"2.287";"165.5";"";"";"";"1"
"2026-07";"Canada";"2016A000011124";"Ensemble excluant l'énergie";"2002=100";"17";"unités";"0";"v41691238";"2.287";"166.1";"";"";"";"1"
"2026-08";"Canada";"2016A000011124";"Ensemble excluant l'énergie";"2002=100";"17";"unités";"0";"v41691238";"2.287";"166.0";"";"";"";"1"
"2026-04";"Canada";"2016A000011124";"Énergie";"2002=100";"17";"unités";"0";"v41691239";"2.288";"223.9";"";"";"";"1"
"2026-05";"Canada";"2016A000011124";"Énergie";"2002=100";"17";"unités";"0";"v41691239";"2.288";"231.4";"";"";"";"1"
"2026-06";"Canada";"2016A000011124";"Énergie";"2002=100";"17";"unités";"0";"v41691239";"2.288";"215.6";"";"";"";"1"
"2026-07";"Canada";"2016A000011124";"Énergie";"2002=100";"17";"unités";"0";"v41691239";"2.288";"221.0";"";"";"";"1"
"2026-08";"Canada";"2016A000011124";"Énergie";"2002=100";"17";"unités";"0";"v41691239";"2.288";"220.5";"";"";"";"1"
"2026-04";"Canada";"2016A000011124";"Biens";"2002=100";"17";"unités";"0";"v41691222";"2.274";"151.1";"";"";"";"1"
"2026-05";"Canada";"2016A000011124";"Biens";"2002=100";"17";"unités";"0";"v41691222";"2.274";"152.4";"";"";"";"1"
"2026-06";"Canada";"2016A000011124";"Biens";"2002=100";"17";"unités";"0";"v41691222";"2.274";"150.6";"";"";"";"1"
"2026-07";"Canada";"2016A000011124";"Biens";"2002=100";"17";"unités";"0";"v41691222";"2.274";"151.0";"";"";"";"1"
"2026-08";"Canada";"2016A000011124";"Biens";"2002=100";"17";"unités";"0";"v41691222";"2.274";"150.5";"";"";"";"1"
"2026-04";"Canada";"2016A000011124";"Services";"2002=100";"17";"unités";"0";"v41691230";"2.282";"184.7";"";"";"";"1"
"2026-05";"Canada";"2016A000011124";"Services";"2002=100";"17";"unités";"0";"v41691230";"2.282";"186.5";"";"";"";"1"
"2026-06";"Canada";"2016A000011124";"Services";"2002=100";"17";"unités";"0";"v41691230";"2.282";"187.1";"";"";"";"1"
"2026-07";"Canada";"2016A000011124";"Services";"2002=100";"17";"unités";"0";"v41691230";"2.282";"188.4";"";"";"";"1"
"2026-08";"Canada";"2016A000011124";"Services";"2002=100";"17";"unités";"0";"v41691230";"2.282";"188.7";"";"";"";"1"


