"REF_DATE","GEO","DGUID","Type of unit","UOM","UOM_ID","SCALAR_FACTOR","SCALAR_ID","VECTOR","COORDINATE","VALUE","STATUS","SYMBOL","TERMINATED","DECIMALS"
"2026-04","Canada","2016A000011124","Total units","Units","300","thousands","3","v52299896","1.1","260.223","","","","3"
"2026-05","Canada","2016A000011124","Total units","Units","300","thousands","3","v52299896","1.1","242.389","","","","3"
"2026-06","Canada","2016A000011124","Total units","Units","300","thousands","3","v52299896","1.1","229.123","","","","3"
"2026-07","Canada","2016A000011124","Total units","Units","300","thousands","3","v52299896","1.1","218.042","","","","3"
"2026-08","Canada","2016A000011124","Total units","Units","300","thousands","3","v52299896","1.1","217.822","","","","3"
"2026-04","Canada","2016A000011124","Single-detached units","Units","300","thousands","3","v52299897","1.2","36.199","","","","3"
"2026-05","Canada","2016A000011124","Single-detached units","Units","300","thousands","3","v52299897","1.2","41.105","","","","3"
"2026-06","Canada","2016A000011124","Single-detached units","Units","300","thousands","3","v52299897","1.2","38.065","","","","3"
"2026-07","Canada","2016A000011124","Single-detached units","Units","300","thousands","3","v52299897","1.2","38.903","","","","3"
"2026-08","Canada","2016A000011124","Single-detached units","Units","300","thousands","3","v52299897","1.2","43.776","","","","3"
"2026-04","Canada","2016A000011124","Multiples","Units","300","thousands","3","v52299901","1.3","224.024","","","","3"
"2026-05","Canada","2016A000011124","Multiples","Units","300","thousands","3","v52299901","1.3","201.284","","","","3"
"2026-06","Canada","2016A000011124","Multiples","Units","300","thousands","3","v52299901","1.3","191.058","","","","3"
"2026-07","Canada","2016A000011124","Multiples","Units","300","thousands","3","v52299901","1.3","179.139","","","","3"
"2026-08","Canada","2016A000011124","Multiples","Units","300","thousands","3","v52299901","1.3","174.046","","","","3"
"2026-04","Canada","2016A000011124","Semi-detached units","Units","300","thousands","3","v52299898","1.4","9.789","","","","3"
"2026-05","Canada","2016A000011124","Semi-detached units","Units","300","thousands","3","v52299898","1.4","10.710","","","","3"
"2026-06","Canada","2016A000011124","Semi-detached units","Units","300","thousands","3","v52299898","1.4","10.080","","","","3"
"2026-07","Canada","2016A000011124","Semi-detached units","Units","300","thousands","3","v52299898","1.4","9.821","","","","3"
"2026-08","Canada","2016A000011124","Semi-detached units","Units","300","thousands","3","v52299898","1.4","12.489","","","","3"
"2026-04","Canada","2016A000011124","Row units","Units","300","thousands","3","v52299899","1.5","23.402","","","","3"
"2026-05","Canada","2016A000011124","Row units","Units","300","thousands","3","v52299899","1.5","20.890","","","","3"
"2026-06","Canada","2016A000011124","Row units","Units","300","thousands","3","v52299899","1.5","21.573","","","","3"
"2026-07","Canada","2016A000011124","Row units","Units","300","thousands","3","v52299899","1.5","25.984","","","","3"
"2026-08","Canada","2016A000011124","Row units","Units","300","thousands","3","v52299899","1.5","20.019","","","","3"
"2026-04","Canada","2016A000011124","Apartment and other unit types","Units","300","thousands","3","v52299900","1.6","190.833","","","","3"
"2026-05","Canada","2016A000011124","Apartment and other unit types","Units","300","thousands","3","v52299900","1.6","169.684","","","","3"
"2026-06","Canada","2016A000011124","Apartment and other unit types","Units","300","thousands","3","v52299900","1.6","159.405","","","","3"
"2026-07","Canada","2016A000011124","Apartment and other unit types","Units","300","thousands","3","v52299900","1.6","143.334","","","","3"
"2026-08","Canada","2016A000011124","Apartment and other unit types","Units","300","thousands","3","v52299900","1.6","141.538","","","","3"


